<?xml version="1.0" encoding="UTF-8"?>
<project-private xmlns="http://www.netbeans.org/ns/project-private/1">
    <editor-bookmarks xmlns="http://www.netbeans.org/ns/editor-bookmarks/2" lastBookmarkId="0"/>
    <open-files xmlns="http://www.netbeans.org/ns/projectui-open-files/2">
        <group>
            <file>file:/E:/TugasKuliah/Semester4/OOP/tubes2/skillexusProject2/web/RegisPage.jsp</file>
            <file>file:/E:/TugasKuliah/Semester4/OOP/tubes2/skillexusProject2/src/java/controller/RegisControl.java</file>
            <file>file:/E:/TugasKuliah/Semester4/OOP/tubes2/skillexusProject2/web/DashboardPage.jsp</file>
            <file>file:/E:/TugasKuliah/Semester4/OOP/tubes2/skillexusProject2/src/java/model/Message.java</file>
            <file>file:/E:/TugasKuliah/Semester4/OOP/tubes2/skillexusProject2/src/java/controller/MessagingController.java</file>
            <file>file:/E:/TugasKuliah/Semester4/OOP/tubes2/skillexusProject2/web/MessagePage.jsp</file>
            <file>file:/E:/TugasKuliah/Semester4/OOP/tubes2/skillexusProject2/web/TradePage.jsp</file>
            <file>file:/E:/TugasKuliah/Semester4/OOP/tubes2/skillexusProject2/src/java/model/User.java</file>
            <file>file:/E:/TugasKuliah/Semester4/OOP/tubes2/skillexusProject2/src/java/model/TradePost.java</file>
            <file>file:/E:/TugasKuliah/Semester4/OOP/tubes2/skillexusProject2/src/java/controller/TradeController.java</file>
            <file>file:/E:/TugasKuliah/Semester4/OOP/tubes2/skillexusProject2/web/S.css</file>
            <file>file:/E:/TugasKuliah/Semester4/OOP/tubes2/skillexusProject2/web/T.css</file>
        </group>
    </open-files>
</project-private>
